{"data":[{"Properties":{"domain":"LUDUS.DOMAIN","name":"GUEST@LUDUS.DOMAIN","distinguishedname":"CN=GUEST,CN=USERS,DC=LUDUS,DC=DOMAIN","domainsid":"S-1-5-21-530984104-2961290484-1763256125","samaccountname":"Guest","doesanyacegrantownerrights":false,"doesanyinheritedacegrantownerrights":false,"isaclprotected":false,"description":"Built-in account for guest access to the computer/domain","whencreated":1746965665,"sensitive":false,"dontreqpreauth":false,"passwordnotreqd":true,"unconstraineddelegation":false,"pwdneverexpires":true,"enabled":false,"trustedtoauth":false,"smartcardrequired":false,"encryptedtextpwdallowed":false,"usedeskeyonly":false,"logonscriptenabled":false,"lockedout":false,"passwordcantchange":false,"passwordexpired":false,"lastlogon":0,"lastlogontimestamp":-1,"pwdlastset":0,"serviceprincipalnames":[],"hasspn":false,"displayname":null,"email":null,"title":null,"homedirectory":null,"userpassword":null,"unixpassword":null,"unicodepassword":null,"sfupassword":null,"logonscript":null,"useraccountcontrol":66082,"profilepath":null,"admincount":false,"supportedencryptiontypes":null,"sidhistory":[]},"AllowedToDelegate":[],"PrimaryGroupSID":"S-1-5-21-530984104-2961290484-1763256125-514","HasSIDHistory":[],"SPNTargets":[],"UnconstrainedDelegation":false,"DomainSID":"S-1-5-21-530984104-2961290484-1763256125","Aces":[{"PrincipalSID":"LUDUS.DOMAIN-S-1-5-32-544","PrincipalType":"Group","RightName":"Owns","IsInherited":false,"InheritanceHash":""},{"PrincipalSID":"LUDUS.DOMAIN-S-1-5-32-548","PrincipalType":"Group","RightName":"GenericAll","IsInherited":false,"InheritanceHash":""},{"PrincipalSID":"S-1-5-21-530984104-2961290484-1763256125-512","PrincipalType":"Group","RightName":"GenericAll","IsInherited":false,"InheritanceHash":""},{"PrincipalSID":"S-1-5-21-530984104-2961290484-1763256125-526","PrincipalType":"Group","RightName":"AddKeyCredentialLink","IsInherited":true,"InheritanceHash":"53D666F3EA593A79F58F73D7F20DE8C1E6E7F7DE"},{"PrincipalSID":"S-1-5-21-530984104-2961290484-1763256125-527","PrincipalType":"Group","RightName":"AddKeyCredentialLink","IsInherited":true,"InheritanceHash":"C1272C625809E91112A8FF6F879658EFCAD5AA3C"},{"PrincipalSID":"S-1-5-21-530984104-2961290484-1763256125-519","PrincipalType":"Group","RightName":"GenericAll","IsInherited":true,"InheritanceHash":"F51B8D892BB1C9D6C7408C8D6FAE0B170ECFB0D9"},{"PrincipalSID":"LUDUS.DOMAIN-S-1-5-32-544","PrincipalType":"Group","RightName":"WriteDacl","IsInherited":true,"InheritanceHash":"62C26D4FB3FF64505B03CDD35D648DFBC6C157CC"},{"PrincipalSID":"LUDUS.DOMAIN-S-1-5-32-544","PrincipalType":"Group","RightName":"WriteOwner","IsInherited":true,"InheritanceHash":"62C26D4FB3FF64505B03CDD35D648DFBC6C157CC"},{"PrincipalSID":"LUDUS.DOMAIN-S-1-5-32-544","PrincipalType":"Group","RightName":"AllExtendedRights","IsInherited":true,"InheritanceHash":"62C26D4FB3FF64505B03CDD35D648DFBC6C157CC"},{"PrincipalSID":"LUDUS.DOMAIN-S-1-5-32-544","PrincipalType":"Group","RightName":"GenericWrite","IsInherited":true,"InheritanceHash":"62C26D4FB3FF64505B03CDD35D648DFBC6C157CC"}],"ObjectIdentifier":"S-1-5-21-530984104-2961290484-1763256125-501","IsDeleted":false,"IsACLProtected":false,"ContainedBy":{"ObjectIdentifier":"C37BCB70-1EC9-4B16-950D-DF1EB16428B0","ObjectType":"Container"}},{"Properties":{"domain":"LUDUS.DOMAIN","name":"ADMINISTRATOR@LUDUS.DOMAIN","distinguishedname":"CN=ADMINISTRATOR,CN=USERS,DC=LUDUS,DC=DOMAIN","domainsid":"S-1-5-21-530984104-2961290484-1763256125","samaccountname":"Administrator","doesanyacegrantownerrights":false,"doesanyinheritedacegrantownerrights":false,"isaclprotected":true,"description":"Built-in account for administering the computer/domain","whencreated":1746965665,"sensitive":false,"dontreqpreauth":false,"passwordnotreqd":false,"unconstraineddelegation":false,"pwdneverexpires":false,"enabled":true,"trustedtoauth":false,"smartcardrequired":false,"encryptedtextpwdallowed":false,"usedeskeyonly":false,"logonscriptenabled":false,"lockedout":false,"passwordcantchange":false,"passwordexpired":false,"lastlogon":0,"lastlogontimestamp":-1,"pwdlastset":1746965371,"serviceprincipalnames":[],"hasspn":false,"displayname":null,"email":null,"title":null,"homedirectory":null,"userpassword":null,"unixpassword":null,"unicodepassword":null,"sfupassword":null,"logonscript":null,"useraccountcontrol":512,"profilepath":null,"admincount":true,"supportedencryptiontypes":null,"sidhistory":[]},"AllowedToDelegate":[],"PrimaryGroupSID":"S-1-5-21-530984104-2961290484-1763256125-513","HasSIDHistory":[],"SPNTargets":[],"UnconstrainedDelegation":false,"DomainSID":"S-1-5-21-530984104-2961290484-1763256125","Aces":[{"PrincipalSID":"S-1-5-21-530984104-2961290484-1763256125-512","PrincipalType":"Group","RightName":"Owns","IsInherited":false,"InheritanceHash":""},{"PrincipalSID":"LUDUS.DOMAIN-S-1-5-32-544","PrincipalType":"Group","RightName":"WriteDacl","IsInherited":false,"InheritanceHash":""},{"PrincipalSID":"LUDUS.DOMAIN-S-1-5-32-544","PrincipalType":"Group","RightName":"WriteOwner","IsInherited":false,"InheritanceHash":""},{"PrincipalSID":"LUDUS.DOMAIN-S-1-5-32-544","PrincipalType":"Group","RightName":"AllExtendedRights","IsInherited":false,"InheritanceHash":""},{"PrincipalSID":"LUDUS.DOMAIN-S-1-5-32-544","PrincipalType":"Group","RightName":"GenericWrite","IsInherited":false,"InheritanceHash":""},{"PrincipalSID":"S-1-5-21-530984104-2961290484-1763256125-512","PrincipalType":"Group","RightName":"WriteDacl","IsInherited":false,"InheritanceHash":""},{"PrincipalSID":"S-1-5-21-530984104-2961290484-1763256125-512","PrincipalType":"Group","RightName":"WriteOwner","IsInherited":false,"InheritanceHash":""},{"PrincipalSID":"S-1-5-21-530984104-2961290484-1763256125-512","PrincipalType":"Group","RightName":"AllExtendedRights","IsInherited":false,"InheritanceHash":""},{"PrincipalSID":"S-1-5-21-530984104-2961290484-1763256125-512","PrincipalType":"Group","RightName":"GenericWrite","IsInherited":false,"InheritanceHash":""},{"PrincipalSID":"S-1-5-21-530984104-2961290484-1763256125-519","PrincipalType":"Group","RightName":"WriteDacl","IsInherited":false,"InheritanceHash":""},{"PrincipalSID":"S-1-5-21-530984104-2961290484-1763256125-519","PrincipalType":"Group","RightName":"WriteOwner","IsInherited":false,"InheritanceHash":""},{"PrincipalSID":"S-1-5-21-530984104-2961290484-1763256125-519","PrincipalType":"Group","RightName":"AllExtendedRights","IsInherited":false,"InheritanceHash":""},{"PrincipalSID":"S-1-5-21-530984104-2961290484-1763256125-519","PrincipalType":"Group","RightName":"GenericWrite","IsInherited":false,"InheritanceHash":""}],"ObjectIdentifier":"S-1-5-21-530984104-2961290484-1763256125-500","IsDeleted":false,"IsACLProtected":true,"ContainedBy":{"ObjectIdentifier":"C37BCB70-1EC9-4B16-950D-DF1EB16428B0","ObjectType":"Container"}},{"Properties":{"domain":"LUDUS.DOMAIN","name":"LOCALUSER@LUDUS.DOMAIN","distinguishedname":"CN=LOCALUSER,CN=USERS,DC=LUDUS,DC=DOMAIN","domainsid":"S-1-5-21-530984104-2961290484-1763256125","samaccountname":"localuser","doesanyacegrantownerrights":false,"doesanyinheritedacegrantownerrights":false,"isaclprotected":true,"description":"LocalUser","whencreated":1746965665,"sensitive":false,"dontreqpreauth":false,"passwordnotreqd":false,"unconstraineddelegation":false,"pwdneverexpires":true,"enabled":true,"trustedtoauth":false,"smartcardrequired":false,"encryptedtextpwdallowed":false,"usedeskeyonly":false,"logonscriptenabled":false,"lockedout":false,"passwordcantchange":false,"passwordexpired":false,"lastlogon":1746966270,"lastlogontimestamp":1746965740,"pwdlastset":1746965371,"serviceprincipalnames":[],"hasspn":false,"displayname":"localuser","email":null,"title":null,"homedirectory":null,"userpassword":null,"unixpassword":null,"unicodepassword":null,"sfupassword":null,"logonscript":null,"useraccountcontrol":66048,"profilepath":null,"admincount":true,"supportedencryptiontypes":null,"sidhistory":[]},"AllowedToDelegate":[],"PrimaryGroupSID":"S-1-5-21-530984104-2961290484-1763256125-513","HasSIDHistory":[],"SPNTargets":[],"UnconstrainedDelegation":false,"DomainSID":"S-1-5-21-530984104-2961290484-1763256125","Aces":[{"PrincipalSID":"S-1-5-21-530984104-2961290484-1763256125-512","PrincipalType":"Group","RightName":"Owns","IsInherited":false,"InheritanceHash":""},{"PrincipalSID":"LUDUS.DOMAIN-S-1-5-32-544","PrincipalType":"Group","RightName":"WriteDacl","IsInherited":false,"InheritanceHash":""},{"PrincipalSID":"LUDUS.DOMAIN-S-1-5-32-544","PrincipalType":"Group","RightName":"WriteOwner","IsInherited":false,"InheritanceHash":""},{"PrincipalSID":"LUDUS.DOMAIN-S-1-5-32-544","PrincipalType":"Group","RightName":"AllExtendedRights","IsInherited":false,"InheritanceHash":""},{"PrincipalSID":"LUDUS.DOMAIN-S-1-5-32-544","PrincipalType":"Group","RightName":"GenericWrite","IsInherited":false,"InheritanceHash":""},{"PrincipalSID":"S-1-5-21-530984104-2961290484-1763256125-512","PrincipalType":"Group","RightName":"WriteDacl","IsInherited":false,"InheritanceHash":""},{"PrincipalSID":"S-1-5-21-530984104-2961290484-1763256125-512","PrincipalType":"Group","RightName":"WriteOwner","IsInherited":false,"InheritanceHash":""},{"PrincipalSID":"S-1-5-21-530984104-2961290484-1763256125-512","PrincipalType":"Group","RightName":"AllExtendedRights","IsInherited":false,"InheritanceHash":""},{"PrincipalSID":"S-1-5-21-530984104-2961290484-1763256125-512","PrincipalType":"Group","RightName":"GenericWrite","IsInherited":false,"InheritanceHash":""},{"PrincipalSID":"S-1-5-21-530984104-2961290484-1763256125-519","PrincipalType":"Group","RightName":"WriteDacl","IsInherited":false,"InheritanceHash":""},{"PrincipalSID":"S-1-5-21-530984104-2961290484-1763256125-519","PrincipalType":"Group","RightName":"WriteOwner","IsInherited":false,"InheritanceHash":""},{"PrincipalSID":"S-1-5-21-530984104-2961290484-1763256125-519","PrincipalType":"Group","RightName":"AllExtendedRights","IsInherited":false,"InheritanceHash":""},{"PrincipalSID":"S-1-5-21-530984104-2961290484-1763256125-519","PrincipalType":"Group","RightName":"GenericWrite","IsInherited":false,"InheritanceHash":""}],"ObjectIdentifier":"S-1-5-21-530984104-2961290484-1763256125-1000","IsDeleted":false,"IsACLProtected":true,"ContainedBy":{"ObjectIdentifier":"C37BCB70-1EC9-4B16-950D-DF1EB16428B0","ObjectType":"Container"}},{"Properties":{"domain":"LUDUS.DOMAIN","name":"KRBTGT@LUDUS.DOMAIN","distinguishedname":"CN=KRBTGT,CN=USERS,DC=LUDUS,DC=DOMAIN","domainsid":"S-1-5-21-530984104-2961290484-1763256125","samaccountname":"krbtgt","doesanyacegrantownerrights":false,"doesanyinheritedacegrantownerrights":false,"isaclprotected":true,"description":"Key Distribution Center Service Account","whencreated":1746965699,"sensitive":false,"dontreqpreauth":false,"passwordnotreqd":false,"unconstraineddelegation":false,"pwdneverexpires":false,"enabled":false,"trustedtoauth":false,"smartcardrequired":false,"encryptedtextpwdallowed":false,"usedeskeyonly":false,"logonscriptenabled":false,"lockedout":false,"passwordcantchange":false,"passwordexpired":false,"lastlogon":0,"lastlogontimestamp":-1,"pwdlastset":1746965699,"serviceprincipalnames":["kadmin/changepw"],"hasspn":true,"displayname":null,"email":null,"title":null,"homedirectory":null,"userpassword":null,"unixpassword":null,"unicodepassword":null,"sfupassword":null,"logonscript":null,"useraccountcontrol":514,"profilepath":null,"admincount":true,"supportedencryptiontypes":["Not defined"],"sidhistory":[]},"AllowedToDelegate":[],"PrimaryGroupSID":"S-1-5-21-530984104-2961290484-1763256125-513","HasSIDHistory":[],"SPNTargets":[],"UnconstrainedDelegation":false,"DomainSID":"S-1-5-21-530984104-2961290484-1763256125","Aces":[{"PrincipalSID":"S-1-5-21-530984104-2961290484-1763256125-512","PrincipalType":"Group","RightName":"Owns","IsInherited":false,"InheritanceHash":""},{"PrincipalSID":"LUDUS.DOMAIN-S-1-5-32-544","PrincipalType":"Group","RightName":"WriteDacl","IsInherited":false,"InheritanceHash":""},{"PrincipalSID":"LUDUS.DOMAIN-S-1-5-32-544","PrincipalType":"Group","RightName":"WriteOwner","IsInherited":false,"InheritanceHash":""},{"PrincipalSID":"LUDUS.DOMAIN-S-1-5-32-544","PrincipalType":"Group","RightName":"AllExtendedRights","IsInherited":false,"InheritanceHash":""},{"PrincipalSID":"LUDUS.DOMAIN-S-1-5-32-544","PrincipalType":"Group","RightName":"GenericWrite","IsInherited":false,"InheritanceHash":""},{"PrincipalSID":"S-1-5-21-530984104-2961290484-1763256125-512","PrincipalType":"Group","RightName":"WriteDacl","IsInherited":false,"InheritanceHash":""},{"PrincipalSID":"S-1-5-21-530984104-2961290484-1763256125-512","PrincipalType":"Group","RightName":"WriteOwner","IsInherited":false,"InheritanceHash":""},{"PrincipalSID":"S-1-5-21-530984104-2961290484-1763256125-512","PrincipalType":"Group","RightName":"AllExtendedRights","IsInherited":false,"InheritanceHash":""},{"PrincipalSID":"S-1-5-21-530984104-2961290484-1763256125-512","PrincipalType":"Group","RightName":"GenericWrite","IsInherited":false,"InheritanceHash":""},{"PrincipalSID":"S-1-5-21-530984104-2961290484-1763256125-519","PrincipalType":"Group","RightName":"WriteDacl","IsInherited":false,"InheritanceHash":""},{"PrincipalSID":"S-1-5-21-530984104-2961290484-1763256125-519","PrincipalType":"Group","RightName":"WriteOwner","IsInherited":false,"InheritanceHash":""},{"PrincipalSID":"S-1-5-21-530984104-2961290484-1763256125-519","PrincipalType":"Group","RightName":"AllExtendedRights","IsInherited":false,"InheritanceHash":""},{"PrincipalSID":"S-1-5-21-530984104-2961290484-1763256125-519","PrincipalType":"Group","RightName":"GenericWrite","IsInherited":false,"InheritanceHash":""}],"ObjectIdentifier":"S-1-5-21-530984104-2961290484-1763256125-502","IsDeleted":false,"IsACLProtected":true,"ContainedBy":{"ObjectIdentifier":"C37BCB70-1EC9-4B16-950D-DF1EB16428B0","ObjectType":"Container"}},{"Properties":{"domain":"LUDUS.DOMAIN","name":"DOMAINADMIN@LUDUS.DOMAIN","distinguishedname":"CN=DOMAINADMIN,CN=USERS,DC=LUDUS,DC=DOMAIN","domainsid":"S-1-5-21-530984104-2961290484-1763256125","samaccountname":"domainadmin","doesanyacegrantownerrights":false,"doesanyinheritedacegrantownerrights":false,"isaclprotected":true,"whencreated":1746965974,"sensitive":false,"dontreqpreauth":false,"passwordnotreqd":false,"unconstraineddelegation":false,"pwdneverexpires":true,"enabled":true,"trustedtoauth":false,"smartcardrequired":false,"encryptedtextpwdallowed":false,"usedeskeyonly":false,"logonscriptenabled":false,"lockedout":false,"passwordcantchange":false,"passwordexpired":false,"lastlogon":1747057114,"lastlogontimestamp":1746966087,"pwdlastset":1746965974,"serviceprincipalnames":[],"hasspn":false,"displayname":null,"email":null,"title":null,"homedirectory":null,"userpassword":null,"unixpassword":null,"unicodepassword":null,"sfupassword":null,"logonscript":null,"useraccountcontrol":66048,"profilepath":null,"admincount":true,"supportedencryptiontypes":null,"sidhistory":[]},"AllowedToDelegate":[],"PrimaryGroupSID":"S-1-5-21-530984104-2961290484-1763256125-513","HasSIDHistory":[],"SPNTargets":[],"UnconstrainedDelegation":false,"DomainSID":"S-1-5-21-530984104-2961290484-1763256125","Aces":[{"PrincipalSID":"S-1-5-21-530984104-2961290484-1763256125-512","PrincipalType":"Group","RightName":"Owns","IsInherited":false,"InheritanceHash":""},{"PrincipalSID":"LUDUS.DOMAIN-S-1-5-32-544","PrincipalType":"Group","RightName":"WriteDacl","IsInherited":false,"InheritanceHash":""},{"PrincipalSID":"LUDUS.DOMAIN-S-1-5-32-544","PrincipalType":"Group","RightName":"WriteOwner","IsInherited":false,"InheritanceHash":""},{"PrincipalSID":"LUDUS.DOMAIN-S-1-5-32-544","PrincipalType":"Group","RightName":"AllExtendedRights","IsInherited":false,"InheritanceHash":""},{"PrincipalSID":"LUDUS.DOMAIN-S-1-5-32-544","PrincipalType":"Group","RightName":"GenericWrite","IsInherited":false,"InheritanceHash":""},{"PrincipalSID":"S-1-5-21-530984104-2961290484-1763256125-512","PrincipalType":"Group","RightName":"WriteDacl","IsInherited":false,"InheritanceHash":""},{"PrincipalSID":"S-1-5-21-530984104-2961290484-1763256125-512","PrincipalType":"Group","RightName":"WriteOwner","IsInherited":false,"InheritanceHash":""},{"PrincipalSID":"S-1-5-21-530984104-2961290484-1763256125-512","PrincipalType":"Group","RightName":"AllExtendedRights","IsInherited":false,"InheritanceHash":""},{"PrincipalSID":"S-1-5-21-530984104-2961290484-1763256125-512","PrincipalType":"Group","RightName":"GenericWrite","IsInherited":false,"InheritanceHash":""},{"PrincipalSID":"S-1-5-21-530984104-2961290484-1763256125-519","PrincipalType":"Group","RightName":"WriteDacl","IsInherited":false,"InheritanceHash":""},{"PrincipalSID":"S-1-5-21-530984104-2961290484-1763256125-519","PrincipalType":"Group","RightName":"WriteOwner","IsInherited":false,"InheritanceHash":""},{"PrincipalSID":"S-1-5-21-530984104-2961290484-1763256125-519","PrincipalType":"Group","RightName":"AllExtendedRights","IsInherited":false,"InheritanceHash":""},{"PrincipalSID":"S-1-5-21-530984104-2961290484-1763256125-519","PrincipalType":"Group","RightName":"GenericWrite","IsInherited":false,"InheritanceHash":""}],"ObjectIdentifier":"S-1-5-21-530984104-2961290484-1763256125-1105","IsDeleted":false,"IsACLProtected":true,"ContainedBy":{"ObjectIdentifier":"C37BCB70-1EC9-4B16-950D-DF1EB16428B0","ObjectType":"Container"}},{"Properties":{"domain":"LUDUS.DOMAIN","name":"DOMAINUSER@LUDUS.DOMAIN","distinguishedname":"CN=DOMAINUSER,CN=USERS,DC=LUDUS,DC=DOMAIN","domainsid":"S-1-5-21-530984104-2961290484-1763256125","samaccountname":"domainuser","doesanyacegrantownerrights":false,"doesanyinheritedacegrantownerrights":false,"isaclprotected":false,"whencreated":1746965972,"sensitive":false,"dontreqpreauth":false,"passwordnotreqd":false,"unconstraineddelegation":false,"pwdneverexpires":true,"enabled":true,"trustedtoauth":false,"smartcardrequired":false,"encryptedtextpwdallowed":false,"usedeskeyonly":false,"logonscriptenabled":false,"lockedout":false,"passwordcantchange":false,"passwordexpired":false,"lastlogon":1746971260,"lastlogontimestamp":1746971260,"pwdlastset":1746965972,"serviceprincipalnames":[],"hasspn":false,"displayname":null,"email":null,"title":null,"homedirectory":null,"userpassword":null,"unixpassword":null,"unicodepassword":null,"sfupassword":null,"logonscript":null,"useraccountcontrol":66048,"profilepath":null,"admincount":false,"supportedencryptiontypes":null,"sidhistory":[]},"AllowedToDelegate":[],"PrimaryGroupSID":"S-1-5-21-530984104-2961290484-1763256125-513","HasSIDHistory":[],"SPNTargets":[],"UnconstrainedDelegation":false,"DomainSID":"S-1-5-21-530984104-2961290484-1763256125","Aces":[{"PrincipalSID":"S-1-5-21-530984104-2961290484-1763256125-1000","PrincipalType":"User","RightName":"Owns","IsInherited":false,"InheritanceHash":""},{"PrincipalSID":"LUDUS.DOMAIN-S-1-5-32-548","PrincipalType":"Group","RightName":"GenericAll","IsInherited":false,"InheritanceHash":""},{"PrincipalSID":"S-1-5-21-530984104-2961290484-1763256125-512","PrincipalType":"Group","RightName":"GenericAll","IsInherited":false,"InheritanceHash":""},{"PrincipalSID":"S-1-5-21-530984104-2961290484-1763256125-526","PrincipalType":"Group","RightName":"AddKeyCredentialLink","IsInherited":true,"InheritanceHash":"53D666F3EA593A79F58F73D7F20DE8C1E6E7F7DE"},{"PrincipalSID":"S-1-5-21-530984104-2961290484-1763256125-527","PrincipalType":"Group","RightName":"AddKeyCredentialLink","IsInherited":true,"InheritanceHash":"C1272C625809E91112A8FF6F879658EFCAD5AA3C"},{"PrincipalSID":"S-1-5-21-530984104-2961290484-1763256125-519","PrincipalType":"Group","RightName":"GenericAll","IsInherited":true,"InheritanceHash":"F51B8D892BB1C9D6C7408C8D6FAE0B170ECFB0D9"},{"PrincipalSID":"LUDUS.DOMAIN-S-1-5-32-544","PrincipalType":"Group","RightName":"WriteDacl","IsInherited":true,"InheritanceHash":"62C26D4FB3FF64505B03CDD35D648DFBC6C157CC"},{"PrincipalSID":"LUDUS.DOMAIN-S-1-5-32-544","PrincipalType":"Group","RightName":"WriteOwner","IsInherited":true,"InheritanceHash":"62C26D4FB3FF64505B03CDD35D648DFBC6C157CC"},{"PrincipalSID":"LUDUS.DOMAIN-S-1-5-32-544","PrincipalType":"Group","RightName":"AllExtendedRights","IsInherited":true,"InheritanceHash":"62C26D4FB3FF64505B03CDD35D648DFBC6C157CC"},{"PrincipalSID":"LUDUS.DOMAIN-S-1-5-32-544","PrincipalType":"Group","RightName":"GenericWrite","IsInherited":true,"InheritanceHash":"62C26D4FB3FF64505B03CDD35D648DFBC6C157CC"}],"ObjectIdentifier":"S-1-5-21-530984104-2961290484-1763256125-1104","IsDeleted":false,"IsACLProtected":false,"ContainedBy":{"ObjectIdentifier":"C37BCB70-1EC9-4B16-950D-DF1EB16428B0","ObjectType":"Container"}},{"Properties":{"domain":"LUDUS.DOMAIN","name":"ESC5USER@LUDUS.DOMAIN","distinguishedname":"CN=ESC5USER,CN=USERS,DC=LUDUS,DC=DOMAIN","domainsid":"S-1-5-21-530984104-2961290484-1763256125","samaccountname":"esc5user","doesanyacegrantownerrights":false,"doesanyinheritedacegrantownerrights":false,"isaclprotected":true,"whencreated":1746966175,"sensitive":false,"dontreqpreauth":false,"passwordnotreqd":false,"unconstraineddelegation":false,"pwdneverexpires":true,"enabled":true,"trustedtoauth":false,"smartcardrequired":false,"encryptedtextpwdallowed":false,"usedeskeyonly":false,"logonscriptenabled":false,"lockedout":false,"passwordcantchange":false,"passwordexpired":false,"lastlogon":0,"lastlogontimestamp":-1,"pwdlastset":1746966175,"serviceprincipalnames":[],"hasspn":false,"displayname":null,"email":null,"title":null,"homedirectory":null,"userpassword":null,"unixpassword":null,"unicodepassword":null,"sfupassword":null,"logonscript":null,"useraccountcontrol":66048,"profilepath":null,"admincount":true,"supportedencryptiontypes":null,"sidhistory":[]},"AllowedToDelegate":[],"PrimaryGroupSID":"S-1-5-21-530984104-2961290484-1763256125-513","HasSIDHistory":[],"SPNTargets":[],"UnconstrainedDelegation":false,"DomainSID":"S-1-5-21-530984104-2961290484-1763256125","Aces":[{"PrincipalSID":"S-1-5-21-530984104-2961290484-1763256125-512","PrincipalType":"Group","RightName":"Owns","IsInherited":false,"InheritanceHash":""},{"PrincipalSID":"LUDUS.DOMAIN-S-1-5-32-544","PrincipalType":"Group","RightName":"WriteDacl","IsInherited":false,"InheritanceHash":""},{"PrincipalSID":"LUDUS.DOMAIN-S-1-5-32-544","PrincipalType":"Group","RightName":"WriteOwner","IsInherited":false,"InheritanceHash":""},{"PrincipalSID":"LUDUS.DOMAIN-S-1-5-32-544","PrincipalType":"Group","RightName":"AllExtendedRights","IsInherited":false,"InheritanceHash":""},{"PrincipalSID":"LUDUS.DOMAIN-S-1-5-32-544","PrincipalType":"Group","RightName":"GenericWrite","IsInherited":false,"InheritanceHash":""},{"PrincipalSID":"S-1-5-21-530984104-2961290484-1763256125-512","PrincipalType":"Group","RightName":"WriteDacl","IsInherited":false,"InheritanceHash":""},{"PrincipalSID":"S-1-5-21-530984104-2961290484-1763256125-512","PrincipalType":"Group","RightName":"WriteOwner","IsInherited":false,"InheritanceHash":""},{"PrincipalSID":"S-1-5-21-530984104-2961290484-1763256125-512","PrincipalType":"Group","RightName":"AllExtendedRights","IsInherited":false,"InheritanceHash":""},{"PrincipalSID":"S-1-5-21-530984104-2961290484-1763256125-512","PrincipalType":"Group","RightName":"GenericWrite","IsInherited":false,"InheritanceHash":""},{"PrincipalSID":"S-1-5-21-530984104-2961290484-1763256125-519","PrincipalType":"Group","RightName":"WriteDacl","IsInherited":false,"InheritanceHash":""},{"PrincipalSID":"S-1-5-21-530984104-2961290484-1763256125-519","PrincipalType":"Group","RightName":"WriteOwner","IsInherited":false,"InheritanceHash":""},{"PrincipalSID":"S-1-5-21-530984104-2961290484-1763256125-519","PrincipalType":"Group","RightName":"AllExtendedRights","IsInherited":false,"InheritanceHash":""},{"PrincipalSID":"S-1-5-21-530984104-2961290484-1763256125-519","PrincipalType":"Group","RightName":"GenericWrite","IsInherited":false,"InheritanceHash":""}],"ObjectIdentifier":"S-1-5-21-530984104-2961290484-1763256125-1106","IsDeleted":false,"IsACLProtected":true,"ContainedBy":{"ObjectIdentifier":"C37BCB70-1EC9-4B16-950D-DF1EB16428B0","ObjectType":"Container"}},{"Properties":{"domain":"LUDUS.DOMAIN","name":"ESC7_CAMGR_USER@LUDUS.DOMAIN","distinguishedname":"CN=ESC7_CAMGR_USER,CN=USERS,DC=LUDUS,DC=DOMAIN","domainsid":"S-1-5-21-530984104-2961290484-1763256125","samaccountname":"esc7_camgr_user","doesanyacegrantownerrights":false,"doesanyinheritedacegrantownerrights":false,"isaclprotected":false,"whencreated":1746966182,"sensitive":false,"dontreqpreauth":false,"passwordnotreqd":false,"unconstraineddelegation":false,"pwdneverexpires":true,"enabled":true,"trustedtoauth":false,"smartcardrequired":false,"encryptedtextpwdallowed":false,"usedeskeyonly":false,"logonscriptenabled":false,"lockedout":false,"passwordcantchange":false,"passwordexpired":false,"lastlogon":0,"lastlogontimestamp":-1,"pwdlastset":1746966182,"serviceprincipalnames":[],"hasspn":false,"displayname":null,"email":null,"title":null,"homedirectory":null,"userpassword":null,"unixpassword":null,"unicodepassword":null,"sfupassword":null,"logonscript":null,"useraccountcontrol":66048,"profilepath":null,"admincount":false,"supportedencryptiontypes":null,"sidhistory":[]},"AllowedToDelegate":[],"PrimaryGroupSID":"S-1-5-21-530984104-2961290484-1763256125-513","HasSIDHistory":[],"SPNTargets":[],"UnconstrainedDelegation":false,"DomainSID":"S-1-5-21-530984104-2961290484-1763256125","Aces":[{"PrincipalSID":"S-1-5-21-530984104-2961290484-1763256125-512","PrincipalType":"Group","RightName":"Owns","IsInherited":false,"InheritanceHash":""},{"PrincipalSID":"LUDUS.DOMAIN-S-1-5-32-548","PrincipalType":"Group","RightName":"GenericAll","IsInherited":false,"InheritanceHash":""},{"PrincipalSID":"S-1-5-21-530984104-2961290484-1763256125-512","PrincipalType":"Group","RightName":"GenericAll","IsInherited":false,"InheritanceHash":""},{"PrincipalSID":"S-1-5-21-530984104-2961290484-1763256125-526","PrincipalType":"Group","RightName":"AddKeyCredentialLink","IsInherited":true,"InheritanceHash":"53D666F3EA593A79F58F73D7F20DE8C1E6E7F7DE"},{"PrincipalSID":"S-1-5-21-530984104-2961290484-1763256125-527","PrincipalType":"Group","RightName":"AddKeyCredentialLink","IsInherited":true,"InheritanceHash":"C1272C625809E91112A8FF6F879658EFCAD5AA3C"},{"PrincipalSID":"S-1-5-21-530984104-2961290484-1763256125-519","PrincipalType":"Group","RightName":"GenericAll","IsInherited":true,"InheritanceHash":"F51B8D892BB1C9D6C7408C8D6FAE0B170ECFB0D9"},{"PrincipalSID":"LUDUS.DOMAIN-S-1-5-32-544","PrincipalType":"Group","RightName":"WriteDacl","IsInherited":true,"InheritanceHash":"62C26D4FB3FF64505B03CDD35D648DFBC6C157CC"},{"PrincipalSID":"LUDUS.DOMAIN-S-1-5-32-544","PrincipalType":"Group","RightName":"WriteOwner","IsInherited":true,"InheritanceHash":"62C26D4FB3FF64505B03CDD35D648DFBC6C157CC"},{"PrincipalSID":"LUDUS.DOMAIN-S-1-5-32-544","PrincipalType":"Group","RightName":"AllExtendedRights","IsInherited":true,"InheritanceHash":"62C26D4FB3FF64505B03CDD35D648DFBC6C157CC"},{"PrincipalSID":"LUDUS.DOMAIN-S-1-5-32-544","PrincipalType":"Group","RightName":"GenericWrite","IsInherited":true,"InheritanceHash":"62C26D4FB3FF64505B03CDD35D648DFBC6C157CC"}],"ObjectIdentifier":"S-1-5-21-530984104-2961290484-1763256125-1107","IsDeleted":false,"IsACLProtected":false,"ContainedBy":{"ObjectIdentifier":"C37BCB70-1EC9-4B16-950D-DF1EB16428B0","ObjectType":"Container"}},{"Properties":{"domain":"LUDUS.DOMAIN","name":"ESC13USER@LUDUS.DOMAIN","distinguishedname":"CN=ESC13USER,CN=USERS,DC=LUDUS,DC=DOMAIN","domainsid":"S-1-5-21-530984104-2961290484-1763256125","samaccountname":"esc13user","doesanyacegrantownerrights":false,"doesanyinheritedacegrantownerrights":false,"isaclprotected":false,"whencreated":1746966225,"sensitive":false,"dontreqpreauth":false,"passwordnotreqd":false,"unconstraineddelegation":false,"pwdneverexpires":true,"enabled":true,"trustedtoauth":false,"smartcardrequired":false,"encryptedtextpwdallowed":false,"usedeskeyonly":false,"logonscriptenabled":false,"lockedout":false,"passwordcantchange":false,"passwordexpired":false,"lastlogon":0,"lastlogontimestamp":-1,"pwdlastset":1746966225,"serviceprincipalnames":[],"hasspn":false,"displayname":null,"email":null,"title":null,"homedirectory":null,"userpassword":null,"unixpassword":null,"unicodepassword":null,"sfupassword":null,"logonscript":null,"useraccountcontrol":66048,"profilepath":null,"admincount":false,"supportedencryptiontypes":null,"sidhistory":[]},"AllowedToDelegate":[],"PrimaryGroupSID":"S-1-5-21-530984104-2961290484-1763256125-513","HasSIDHistory":[],"SPNTargets":[],"UnconstrainedDelegation":false,"DomainSID":"S-1-5-21-530984104-2961290484-1763256125","Aces":[{"PrincipalSID":"S-1-5-21-530984104-2961290484-1763256125-512","PrincipalType":"Group","RightName":"Owns","IsInherited":false,"InheritanceHash":""},{"PrincipalSID":"LUDUS.DOMAIN-S-1-5-32-548","PrincipalType":"Group","RightName":"GenericAll","IsInherited":false,"InheritanceHash":""},{"PrincipalSID":"S-1-5-21-530984104-2961290484-1763256125-512","PrincipalType":"Group","RightName":"GenericAll","IsInherited":false,"InheritanceHash":""},{"PrincipalSID":"S-1-5-21-530984104-2961290484-1763256125-526","PrincipalType":"Group","RightName":"AddKeyCredentialLink","IsInherited":true,"InheritanceHash":"53D666F3EA593A79F58F73D7F20DE8C1E6E7F7DE"},{"PrincipalSID":"S-1-5-21-530984104-2961290484-1763256125-527","PrincipalType":"Group","RightName":"AddKeyCredentialLink","IsInherited":true,"InheritanceHash":"C1272C625809E91112A8FF6F879658EFCAD5AA3C"},{"PrincipalSID":"S-1-5-21-530984104-2961290484-1763256125-519","PrincipalType":"Group","RightName":"GenericAll","IsInherited":true,"InheritanceHash":"F51B8D892BB1C9D6C7408C8D6FAE0B170ECFB0D9"},{"PrincipalSID":"LUDUS.DOMAIN-S-1-5-32-544","PrincipalType":"Group","RightName":"WriteDacl","IsInherited":true,"InheritanceHash":"62C26D4FB3FF64505B03CDD35D648DFBC6C157CC"},{"PrincipalSID":"LUDUS.DOMAIN-S-1-5-32-544","PrincipalType":"Group","RightName":"WriteOwner","IsInherited":true,"InheritanceHash":"62C26D4FB3FF64505B03CDD35D648DFBC6C157CC"},{"PrincipalSID":"LUDUS.DOMAIN-S-1-5-32-544","PrincipalType":"Group","RightName":"AllExtendedRights","IsInherited":true,"InheritanceHash":"62C26D4FB3FF64505B03CDD35D648DFBC6C157CC"},{"PrincipalSID":"LUDUS.DOMAIN-S-1-5-32-544","PrincipalType":"Group","RightName":"GenericWrite","IsInherited":true,"InheritanceHash":"62C26D4FB3FF64505B03CDD35D648DFBC6C157CC"}],"ObjectIdentifier":"S-1-5-21-530984104-2961290484-1763256125-1110","IsDeleted":false,"IsACLProtected":false,"ContainedBy":{"ObjectIdentifier":"C37BCB70-1EC9-4B16-950D-DF1EB16428B0","ObjectType":"Container"}},{"Properties":{"domain":"LUDUS.DOMAIN","name":"ESC9USER@LUDUS.DOMAIN","distinguishedname":"CN=ESC9USER,CN=USERS,DC=LUDUS,DC=DOMAIN","domainsid":"S-1-5-21-530984104-2961290484-1763256125","samaccountname":"esc9user","doesanyacegrantownerrights":false,"doesanyinheritedacegrantownerrights":false,"isaclprotected":false,"whencreated":1746966202,"sensitive":false,"dontreqpreauth":false,"passwordnotreqd":false,"unconstraineddelegation":false,"pwdneverexpires":true,"enabled":true,"trustedtoauth":false,"smartcardrequired":false,"encryptedtextpwdallowed":false,"usedeskeyonly":false,"logonscriptenabled":false,"lockedout":false,"passwordcantchange":false,"passwordexpired":false,"lastlogon":0,"lastlogontimestamp":-1,"pwdlastset":1746966202,"serviceprincipalnames":[],"hasspn":false,"displayname":null,"email":null,"title":null,"homedirectory":null,"userpassword":null,"unixpassword":null,"unicodepassword":null,"sfupassword":null,"logonscript":null,"useraccountcontrol":66048,"profilepath":null,"admincount":false,"supportedencryptiontypes":null,"sidhistory":[]},"AllowedToDelegate":[],"PrimaryGroupSID":"S-1-5-21-530984104-2961290484-1763256125-513","HasSIDHistory":[],"SPNTargets":[],"UnconstrainedDelegation":false,"DomainSID":"S-1-5-21-530984104-2961290484-1763256125","Aces":[{"PrincipalSID":"S-1-5-21-530984104-2961290484-1763256125-512","PrincipalType":"Group","RightName":"Owns","IsInherited":false,"InheritanceHash":""},{"PrincipalSID":"LUDUS.DOMAIN-S-1-5-32-548","PrincipalType":"Group","RightName":"GenericAll","IsInherited":false,"InheritanceHash":""},{"PrincipalSID":"S-1-5-21-530984104-2961290484-1763256125-512","PrincipalType":"Group","RightName":"GenericAll","IsInherited":false,"InheritanceHash":""},{"PrincipalSID":"S-1-5-21-530984104-2961290484-1763256125-513","PrincipalType":"Group","RightName":"GenericAll","IsInherited":false,"InheritanceHash":""},{"PrincipalSID":"S-1-5-21-530984104-2961290484-1763256125-526","PrincipalType":"Group","RightName":"AddKeyCredentialLink","IsInherited":true,"InheritanceHash":"53D666F3EA593A79F58F73D7F20DE8C1E6E7F7DE"},{"PrincipalSID":"S-1-5-21-530984104-2961290484-1763256125-527","PrincipalType":"Group","RightName":"AddKeyCredentialLink","IsInherited":true,"InheritanceHash":"C1272C625809E91112A8FF6F879658EFCAD5AA3C"},{"PrincipalSID":"S-1-5-21-530984104-2961290484-1763256125-519","PrincipalType":"Group","RightName":"GenericAll","IsInherited":true,"InheritanceHash":"F51B8D892BB1C9D6C7408C8D6FAE0B170ECFB0D9"},{"PrincipalSID":"LUDUS.DOMAIN-S-1-5-32-544","PrincipalType":"Group","RightName":"WriteDacl","IsInherited":true,"InheritanceHash":"62C26D4FB3FF64505B03CDD35D648DFBC6C157CC"},{"PrincipalSID":"LUDUS.DOMAIN-S-1-5-32-544","PrincipalType":"Group","RightName":"WriteOwner","IsInherited":true,"InheritanceHash":"62C26D4FB3FF64505B03CDD35D648DFBC6C157CC"},{"PrincipalSID":"LUDUS.DOMAIN-S-1-5-32-544","PrincipalType":"Group","RightName":"AllExtendedRights","IsInherited":true,"InheritanceHash":"62C26D4FB3FF64505B03CDD35D648DFBC6C157CC"},{"PrincipalSID":"LUDUS.DOMAIN-S-1-5-32-544","PrincipalType":"Group","RightName":"GenericWrite","IsInherited":true,"InheritanceHash":"62C26D4FB3FF64505B03CDD35D648DFBC6C157CC"}],"ObjectIdentifier":"S-1-5-21-530984104-2961290484-1763256125-1109","IsDeleted":false,"IsACLProtected":false,"ContainedBy":{"ObjectIdentifier":"C37BCB70-1EC9-4B16-950D-DF1EB16428B0","ObjectType":"Container"}},{"Properties":{"domain":"LUDUS.DOMAIN","name":"ESC7_CERTMGR_USER@LUDUS.DOMAIN","distinguishedname":"CN=ESC7_CERTMGR_USER,CN=USERS,DC=LUDUS,DC=DOMAIN","domainsid":"S-1-5-21-530984104-2961290484-1763256125","samaccountname":"esc7_certmgr_user","doesanyacegrantownerrights":false,"doesanyinheritedacegrantownerrights":false,"isaclprotected":false,"whencreated":1746966184,"sensitive":false,"dontreqpreauth":false,"passwordnotreqd":false,"unconstraineddelegation":false,"pwdneverexpires":true,"enabled":true,"trustedtoauth":false,"smartcardrequired":false,"encryptedtextpwdallowed":false,"usedeskeyonly":false,"logonscriptenabled":false,"lockedout":false,"passwordcantchange":false,"passwordexpired":false,"lastlogon":0,"lastlogontimestamp":-1,"pwdlastset":1746966184,"serviceprincipalnames":[],"hasspn":false,"displayname":null,"email":null,"title":null,"homedirectory":null,"userpassword":null,"unixpassword":null,"unicodepassword":null,"sfupassword":null,"logonscript":null,"useraccountcontrol":66048,"profilepath":null,"admincount":false,"supportedencryptiontypes":null,"sidhistory":[]},"AllowedToDelegate":[],"PrimaryGroupSID":"S-1-5-21-530984104-2961290484-1763256125-513","HasSIDHistory":[],"SPNTargets":[],"UnconstrainedDelegation":false,"DomainSID":"S-1-5-21-530984104-2961290484-1763256125","Aces":[{"PrincipalSID":"S-1-5-21-530984104-2961290484-1763256125-512","PrincipalType":"Group","RightName":"Owns","IsInherited":false,"InheritanceHash":""},{"PrincipalSID":"LUDUS.DOMAIN-S-1-5-32-548","PrincipalType":"Group","RightName":"GenericAll","IsInherited":false,"InheritanceHash":""},{"PrincipalSID":"S-1-5-21-530984104-2961290484-1763256125-512","PrincipalType":"Group","RightName":"GenericAll","IsInherited":false,"InheritanceHash":""},{"PrincipalSID":"S-1-5-21-530984104-2961290484-1763256125-526","PrincipalType":"Group","RightName":"AddKeyCredentialLink","IsInherited":true,"InheritanceHash":"53D666F3EA593A79F58F73D7F20DE8C1E6E7F7DE"},{"PrincipalSID":"S-1-5-21-530984104-2961290484-1763256125-527","PrincipalType":"Group","RightName":"AddKeyCredentialLink","IsInherited":true,"InheritanceHash":"C1272C625809E91112A8FF6F879658EFCAD5AA3C"},{"PrincipalSID":"S-1-5-21-530984104-2961290484-1763256125-519","PrincipalType":"Group","RightName":"GenericAll","IsInherited":true,"InheritanceHash":"F51B8D892BB1C9D6C7408C8D6FAE0B170ECFB0D9"},{"PrincipalSID":"LUDUS.DOMAIN-S-1-5-32-544","PrincipalType":"Group","RightName":"WriteDacl","IsInherited":true,"InheritanceHash":"62C26D4FB3FF64505B03CDD35D648DFBC6C157CC"},{"PrincipalSID":"LUDUS.DOMAIN-S-1-5-32-544","PrincipalType":"Group","RightName":"WriteOwner","IsInherited":true,"InheritanceHash":"62C26D4FB3FF64505B03CDD35D648DFBC6C157CC"},{"PrincipalSID":"LUDUS.DOMAIN-S-1-5-32-544","PrincipalType":"Group","RightName":"AllExtendedRights","IsInherited":true,"InheritanceHash":"62C26D4FB3FF64505B03CDD35D648DFBC6C157CC"},{"PrincipalSID":"LUDUS.DOMAIN-S-1-5-32-544","PrincipalType":"Group","RightName":"GenericWrite","IsInherited":true,"InheritanceHash":"62C26D4FB3FF64505B03CDD35D648DFBC6C157CC"}],"ObjectIdentifier":"S-1-5-21-530984104-2961290484-1763256125-1108","IsDeleted":false,"IsACLProtected":false,"ContainedBy":{"ObjectIdentifier":"C37BCB70-1EC9-4B16-950D-DF1EB16428B0","ObjectType":"Container"}},{"Properties":{"name":"NETWORK SERVICE@LUDUS.DOMAIN","domainsid":"S-1-5-21-530984104-2961290484-1763256125","domain":"LUDUS.DOMAIN","reconcile":false},"AllowedToDelegate":[],"PrimaryGroupSID":null,"HasSIDHistory":[],"SPNTargets":[],"UnconstrainedDelegation":false,"DomainSID":null,"Aces":[],"ObjectIdentifier":"LUDUS.DOMAIN-S-1-5-20","IsDeleted":false,"IsACLProtected":false,"ContainedBy":null}],"meta":{"methods":15725567,"type":"users","count":12,"version":6,"collectorversion":"2.6.5.0"}}