{"data":[{"Properties":{"domain":"LUDUS.DOMAIN","name":"DEFAULT DOMAIN CONTROLLERS POLICY@LUDUS.DOMAIN","distinguishedname":"CN={6AC1786C-016F-11D2-945F-00C04FB984F9},CN=POLICIES,CN=SYSTEM,DC=LUDUS,DC=DOMAIN","domainsid":"S-1-5-21-530984104-2961290484-1763256125","doesanyacegrantownerrights":false,"doesanyinheritedacegrantownerrights":false,"isaclprotected":true,"whencreated":1746965665,"gpcpath":"\\\\LUDUS.DOMAIN\\SYSVOL\\LUDUS.DOMAIN\\POLICIES\\{6AC1786C-016F-11D2-945F-00C04FB984F9}"},"Aces":[{"PrincipalSID":"S-1-5-21-530984104-2961290484-1763256125-512","PrincipalType":"Group","RightName":"Owns","IsInherited":false,"InheritanceHash":""},{"PrincipalSID":"S-1-5-21-530984104-2961290484-1763256125-512","PrincipalType":"Group","RightName":"WriteDacl","IsInherited":false,"InheritanceHash":""},{"PrincipalSID":"S-1-5-21-530984104-2961290484-1763256125-512","PrincipalType":"Group","RightName":"WriteOwner","IsInherited":false,"InheritanceHash":""},{"PrincipalSID":"S-1-5-21-530984104-2961290484-1763256125-512","PrincipalType":"Group","RightName":"GenericWrite","IsInherited":false,"InheritanceHash":""},{"PrincipalSID":"S-1-5-21-530984104-2961290484-1763256125-512","PrincipalType":"Group","RightName":"WriteDacl","IsInherited":false,"InheritanceHash":""},{"PrincipalSID":"S-1-5-21-530984104-2961290484-1763256125-512","PrincipalType":"Group","RightName":"WriteOwner","IsInherited":false,"InheritanceHash":""},{"PrincipalSID":"S-1-5-21-530984104-2961290484-1763256125-512","PrincipalType":"Group","RightName":"GenericWrite","IsInherited":false,"InheritanceHash":""},{"PrincipalSID":"S-1-5-21-530984104-2961290484-1763256125-519","PrincipalType":"Group","RightName":"WriteDacl","IsInherited":false,"InheritanceHash":""},{"PrincipalSID":"S-1-5-21-530984104-2961290484-1763256125-519","PrincipalType":"Group","RightName":"WriteOwner","IsInherited":false,"InheritanceHash":""},{"PrincipalSID":"S-1-5-21-530984104-2961290484-1763256125-519","PrincipalType":"Group","RightName":"GenericWrite","IsInherited":false,"InheritanceHash":""}],"ObjectIdentifier":"51976930-BED7-4B7B-ABA1-265ADA7211F1","IsDeleted":false,"IsACLProtected":true,"ContainedBy":null},{"Properties":{"domain":"LUDUS.DOMAIN","name":"DEFAULT DOMAIN POLICY@LUDUS.DOMAIN","distinguishedname":"CN={31B2F340-016D-11D2-945F-00C04FB984F9},CN=POLICIES,CN=SYSTEM,DC=LUDUS,DC=DOMAIN","domainsid":"S-1-5-21-530984104-2961290484-1763256125","doesanyacegrantownerrights":false,"doesanyinheritedacegrantownerrights":false,"isaclprotected":true,"whencreated":1746965665,"gpcpath":"\\\\LUDUS.DOMAIN\\SYSVOL\\LUDUS.DOMAIN\\POLICIES\\{31B2F340-016D-11D2-945F-00C04FB984F9}"},"Aces":[{"PrincipalSID":"S-1-5-21-530984104-2961290484-1763256125-512","PrincipalType":"Group","RightName":"Owns","IsInherited":false,"InheritanceHash":""},{"PrincipalSID":"S-1-5-21-530984104-2961290484-1763256125-512","PrincipalType":"Group","RightName":"WriteDacl","IsInherited":false,"InheritanceHash":""},{"PrincipalSID":"S-1-5-21-530984104-2961290484-1763256125-512","PrincipalType":"Group","RightName":"WriteOwner","IsInherited":false,"InheritanceHash":""},{"PrincipalSID":"S-1-5-21-530984104-2961290484-1763256125-512","PrincipalType":"Group","RightName":"GenericWrite","IsInherited":false,"InheritanceHash":""},{"PrincipalSID":"S-1-5-21-530984104-2961290484-1763256125-512","PrincipalType":"Group","RightName":"WriteDacl","IsInherited":false,"InheritanceHash":""},{"PrincipalSID":"S-1-5-21-530984104-2961290484-1763256125-512","PrincipalType":"Group","RightName":"WriteOwner","IsInherited":false,"InheritanceHash":""},{"PrincipalSID":"S-1-5-21-530984104-2961290484-1763256125-512","PrincipalType":"Group","RightName":"GenericWrite","IsInherited":false,"InheritanceHash":""},{"PrincipalSID":"S-1-5-21-530984104-2961290484-1763256125-519","PrincipalType":"Group","RightName":"WriteDacl","IsInherited":false,"InheritanceHash":""},{"PrincipalSID":"S-1-5-21-530984104-2961290484-1763256125-519","PrincipalType":"Group","RightName":"WriteOwner","IsInherited":false,"InheritanceHash":""},{"PrincipalSID":"S-1-5-21-530984104-2961290484-1763256125-519","PrincipalType":"Group","RightName":"GenericWrite","IsInherited":false,"InheritanceHash":""}],"ObjectIdentifier":"9566BB26-518C-4782-8FBF-15A9B8C5BDCA","IsDeleted":false,"IsACLProtected":true,"ContainedBy":null}],"meta":{"methods":15725567,"type":"gpos","count":2,"version":6,"collectorversion":"2.6.5.0"}}