{"data":[{"Properties":{"domain":"LUDUS.DOMAIN","name":"LUDUS-CA@LUDUS.DOMAIN","distinguishedname":"CN=LUDUS-CA,CN=CERTIFICATION AUTHORITIES,CN=PUBLIC KEY SERVICES,CN=SERVICES,CN=CONFIGURATION,DC=LUDUS,DC=DOMAIN","domainsid":"S-1-5-21-530984104-2961290484-1763256125","doesanyacegrantownerrights":false,"doesanyinheritedacegrantownerrights":false,"isaclprotected":false,"whencreated":1746966090,"certthumbprint":"500465043390F9CFE5FBD3E5F058B74188C69328","certname":"500465043390F9CFE5FBD3E5F058B74188C69328","certchain":["500465043390F9CFE5FBD3E5F058B74188C69328"],"hasbasicconstraints":false,"basicconstraintpathlength":0},"DomainSID":"S-1-5-21-530984104-2961290484-1763256125","Aces":[{"PrincipalSID":"S-1-5-21-530984104-2961290484-1763256125-519","PrincipalType":"Group","RightName":"Owns","IsInherited":false,"InheritanceHash":""},{"PrincipalSID":"LUDUS.DOMAIN-S-1-5-32-544","PrincipalType":"Group","RightName":"GenericAll","IsInherited":false,"InheritanceHash":""},{"PrincipalSID":"S-1-5-21-530984104-2961290484-1763256125-512","PrincipalType":"Group","RightName":"GenericAll","IsInherited":false,"InheritanceHash":""},{"PrincipalSID":"S-1-5-21-530984104-2961290484-1763256125-517","PrincipalType":"Group","RightName":"GenericAll","IsInherited":false,"InheritanceHash":""},{"PrincipalSID":"S-1-5-21-530984104-2961290484-1763256125-519","PrincipalType":"Group","RightName":"GenericAll","IsInherited":false,"InheritanceHash":""},{"PrincipalSID":"S-1-5-21-530984104-2961290484-1763256125-519","PrincipalType":"Group","RightName":"GenericAll","IsInherited":true,"InheritanceHash":"F51B8D892BB1C9D6C7408C8D6FAE0B170ECFB0D9"},{"PrincipalSID":"S-1-5-21-530984104-2961290484-1763256125-512","PrincipalType":"Group","RightName":"WriteDacl","IsInherited":true,"InheritanceHash":"D731D95BC74AC169C6AACE4AA23435F5E94614A3"},{"PrincipalSID":"S-1-5-21-530984104-2961290484-1763256125-512","PrincipalType":"Group","RightName":"WriteOwner","IsInherited":true,"InheritanceHash":"D731D95BC74AC169C6AACE4AA23435F5E94614A3"},{"PrincipalSID":"S-1-5-21-530984104-2961290484-1763256125-512","PrincipalType":"Group","RightName":"GenericWrite","IsInherited":true,"InheritanceHash":"D731D95BC74AC169C6AACE4AA23435F5E94614A3"}],"ObjectIdentifier":"4D69F4EC-41D5-4553-8D0E-0D2B14A54607","IsDeleted":false,"IsACLProtected":false,"ContainedBy":{"ObjectIdentifier":"05582D7A-8EC8-42A7-8FA5-DFB5DD7ECC4A","ObjectType":"Container"}}],"meta":{"methods":15725567,"type":"rootcas","count":1,"version":6,"collectorversion":"2.6.5.0"}}