{"data":[{"Properties":{"domain":"LUDUS.DOMAIN","name":"ADMIN-DC01-2022.LUDUS.DOMAIN","distinguishedname":"CN=ADMIN-DC01-2022,OU=DOMAIN CONTROLLERS,DC=LUDUS,DC=DOMAIN","domainsid":"S-1-5-21-530984104-2961290484-1763256125","samaccountname":"ADMIN-DC01-2022$","haslaps":false,"doesanyacegrantownerrights":false,"doesanyinheritedacegrantownerrights":false,"isaclprotected":false,"whencreated":1746965699,"enabled":true,"unconstraineddelegation":true,"trustedtoauth":false,"isdc":true,"encryptedtextpwdallowed":false,"usedeskeyonly":false,"logonscriptenabled":false,"lockedout":false,"passwordexpired":false,"supportedencryptiontypes":["RC4-HMAC-MD5","AES128-CTS-HMAC-SHA1-96","AES256-CTS-HMAC-SHA1-96"],"lastlogon":1747052112,"lastlogontimestamp":1746965739,"pwdlastset":1746965728,"serviceprincipalnames":["Dfsr-12F9A27C-BF97-4787-9364-D31B6C55EB04/admin-DC01-2022.ludus.domain","TERMSRV/ADMIN-DC01-2022","TERMSRV/admin-DC01-2022.ludus.domain","ldap/admin-DC01-2022.ludus.domain/ForestDnsZones.ludus.domain","ldap/admin-DC01-2022.ludus.domain/DomainDnsZones.ludus.domain","DNS/admin-DC01-2022.ludus.domain","GC/admin-DC01-2022.ludus.domain/ludus.domain","RestrictedKrbHost/admin-DC01-2022.ludus.domain","RestrictedKrbHost/ADMIN-DC01-2022","RPC/03a316d9-f474-416b-86f3-296fb72a4ecb._msdcs.ludus.domain","HOST/ADMIN-DC01-2022/ludus","HOST/admin-DC01-2022.ludus.domain/ludus","HOST/ADMIN-DC01-2022","HOST/admin-DC01-2022.ludus.domain","HOST/admin-DC01-2022.ludus.domain/ludus.domain","E3514235-4B06-11D1-AB04-00C04FC2DCD2/03a316d9-f474-416b-86f3-296fb72a4ecb/ludus.domain","ldap/ADMIN-DC01-2022/ludus","ldap/03a316d9-f474-416b-86f3-296fb72a4ecb._msdcs.ludus.domain","ldap/admin-DC01-2022.ludus.domain/ludus","ldap/ADMIN-DC01-2022","ldap/admin-DC01-2022.ludus.domain","ldap/admin-DC01-2022.ludus.domain/ludus.domain"],"email":null,"useraccountcontrol":532480,"operatingsystem":"Windows Server 2022 Standard Evaluation","sidhistory":[],"ldapavailable":true,"ldapsavailable":true,"ldapsepa":true,"ldapsigning":true},"PrimaryGroupSID":"S-1-5-21-530984104-2961290484-1763256125-516","AllowedToDelegate":[],"AllowedToAct":[],"HasSIDHistory":[],"DumpSMSAPassword":[],"Sessions":{"Results":[],"Collected":true,"FailureReason":null},"PrivilegedSessions":{"Results":[{"UserSID":"S-1-5-21-530984104-2961290484-1763256125-1105","ComputerSID":"S-1-5-21-530984104-2961290484-1763256125-1001"}],"Collected":true,"FailureReason":null},"RegistrySessions":{"Results":[{"UserSID":"S-1-5-21-530984104-2961290484-1763256125-1105","ComputerSID":"S-1-5-21-530984104-2961290484-1763256125-1001"}],"Collected":true,"FailureReason":null},"LocalGroups":[{"ObjectIdentifier":"LUDUS.DOMAIN-S-1-5-32-549","Name":"IGNOREME","Results":[],"LocalNames":[],"Collected":true,"FailureReason":null},{"ObjectIdentifier":"LUDUS.DOMAIN-S-1-5-32-548","Name":"IGNOREME","Results":[],"LocalNames":[],"Collected":true,"FailureReason":null},{"ObjectIdentifier":"LUDUS.DOMAIN-S-1-5-32-554","Name":"IGNOREME","Results":[{"ObjectIdentifier":"LUDUS.DOMAIN-S-1-5-11","ObjectType":"Group"},{"ObjectIdentifier":"S-1-5-21-530984104-2961290484-1763256125-1001","ObjectType":"Computer"}],"LocalNames":[],"Collected":true,"FailureReason":null},{"ObjectIdentifier":"LUDUS.DOMAIN-S-1-5-32-557","Name":"IGNOREME","Results":[],"LocalNames":[],"Collected":true,"FailureReason":null},{"ObjectIdentifier":"LUDUS.DOMAIN-S-1-5-32-560","Name":"IGNOREME","Results":[{"ObjectIdentifier":"LUDUS.DOMAIN-S-1-5-9","ObjectType":"Group"}],"LocalNames":[],"Collected":true,"FailureReason":null},{"ObjectIdentifier":"LUDUS.DOMAIN-S-1-5-32-561","Name":"IGNOREME","Results":[],"LocalNames":[],"Collected":true,"FailureReason":null},{"ObjectIdentifier":"LUDUS.DOMAIN-S-1-5-32-544","Name":"IGNOREME","Results":[{"ObjectIdentifier":"S-1-5-21-530984104-2961290484-1763256125-500","ObjectType":"User"},{"ObjectIdentifier":"S-1-5-21-530984104-2961290484-1763256125-1000","ObjectType":"User"},{"ObjectIdentifier":"S-1-5-21-530984104-2961290484-1763256125-519","ObjectType":"Group"},{"ObjectIdentifier":"S-1-5-21-530984104-2961290484-1763256125-512","ObjectType":"Group"},{"ObjectIdentifier":"S-1-5-21-530984104-2961290484-1763256125-1106","ObjectType":"User"}],"LocalNames":[],"Collected":true,"FailureReason":null},{"ObjectIdentifier":"LUDUS.DOMAIN-S-1-5-32-545","Name":"IGNOREME","Results":[{"ObjectIdentifier":"S-1-5-21-530984104-2961290484-1763256125-1000","ObjectType":"User"},{"ObjectIdentifier":"LUDUS.DOMAIN-S-1-5-11","ObjectType":"Group"},{"ObjectIdentifier":"S-1-5-21-530984104-2961290484-1763256125-513","ObjectType":"Group"}],"LocalNames":[],"Collected":true,"FailureReason":null},{"ObjectIdentifier":"LUDUS.DOMAIN-S-1-5-32-546","Name":"IGNOREME","Results":[{"ObjectIdentifier":"S-1-5-21-530984104-2961290484-1763256125-501","ObjectType":"User"},{"ObjectIdentifier":"S-1-5-21-530984104-2961290484-1763256125-514","ObjectType":"Group"}],"LocalNames":[],"Collected":true,"FailureReason":null},{"ObjectIdentifier":"LUDUS.DOMAIN-S-1-5-32-550","Name":"IGNOREME","Results":[],"LocalNames":[],"Collected":true,"FailureReason":null},{"ObjectIdentifier":"LUDUS.DOMAIN-S-1-5-32-551","Name":"IGNOREME","Results":[],"LocalNames":[],"Collected":true,"FailureReason":null},{"ObjectIdentifier":"LUDUS.DOMAIN-S-1-5-32-552","Name":"IGNOREME","Results":[],"LocalNames":[],"Collected":true,"FailureReason":null},{"ObjectIdentifier":"LUDUS.DOMAIN-S-1-5-32-555","Name":"IGNOREME","Results":[{"ObjectIdentifier":"S-1-5-21-530984104-2961290484-1763256125-1104","ObjectType":"User"},{"ObjectIdentifier":"S-1-5-21-530984104-2961290484-1763256125-1105","ObjectType":"User"}],"LocalNames":[],"Collected":true,"FailureReason":null},{"ObjectIdentifier":"LUDUS.DOMAIN-S-1-5-32-556","Name":"IGNOREME","Results":[],"LocalNames":[],"Collected":true,"FailureReason":null},{"ObjectIdentifier":"LUDUS.DOMAIN-S-1-5-32-558","Name":"IGNOREME","Results":[],"LocalNames":[],"Collected":true,"FailureReason":null},{"ObjectIdentifier":"LUDUS.DOMAIN-S-1-5-32-559","Name":"IGNOREME","Results":[],"LocalNames":[],"Collected":true,"FailureReason":null},{"ObjectIdentifier":"LUDUS.DOMAIN-S-1-5-32-562","Name":"IGNOREME","Results":[],"LocalNames":[],"Collected":true,"FailureReason":null},{"ObjectIdentifier":"LUDUS.DOMAIN-S-1-5-32-568","Name":"IGNOREME","Results":[],"LocalNames":[],"Collected":true,"FailureReason":null},{"ObjectIdentifier":"LUDUS.DOMAIN-S-1-5-32-569","Name":"IGNOREME","Results":[],"LocalNames":[],"Collected":true,"FailureReason":null},{"ObjectIdentifier":"LUDUS.DOMAIN-S-1-5-32-573","Name":"IGNOREME","Results":[],"LocalNames":[],"Collected":true,"FailureReason":null},{"ObjectIdentifier":"LUDUS.DOMAIN-S-1-5-32-574","Name":"IGNOREME","Results":[{"ObjectIdentifier":"LUDUS.DOMAIN-S-1-5-11","ObjectType":"Group"}],"LocalNames":[],"Collected":true,"FailureReason":null},{"ObjectIdentifier":"LUDUS.DOMAIN-S-1-5-32-575","Name":"IGNOREME","Results":[],"LocalNames":[],"Collected":true,"FailureReason":null},{"ObjectIdentifier":"LUDUS.DOMAIN-S-1-5-32-576","Name":"IGNOREME","Results":[],"LocalNames":[],"Collected":true,"FailureReason":null},{"ObjectIdentifier":"LUDUS.DOMAIN-S-1-5-32-577","Name":"IGNOREME","Results":[],"LocalNames":[],"Collected":true,"FailureReason":null},{"ObjectIdentifier":"LUDUS.DOMAIN-S-1-5-32-578","Name":"IGNOREME","Results":[],"LocalNames":[],"Collected":true,"FailureReason":null},{"ObjectIdentifier":"LUDUS.DOMAIN-S-1-5-32-579","Name":"IGNOREME","Results":[],"LocalNames":[],"Collected":true,"FailureReason":null},{"ObjectIdentifier":"LUDUS.DOMAIN-S-1-5-32-580","Name":"IGNOREME","Results":[],"LocalNames":[],"Collected":true,"FailureReason":null},{"ObjectIdentifier":"LUDUS.DOMAIN-S-1-5-32-582","Name":"IGNOREME","Results":[],"LocalNames":[],"Collected":true,"FailureReason":null}],"UserRights":[{"Privilege":"SeRemoteInteractiveLogonRight","Results":[{"ObjectIdentifier":"LUDUS.DOMAIN-S-1-5-32-544","ObjectType":"Group"},{"ObjectIdentifier":"S-1-5-21-530984104-2961290484-1763256125-1105","ObjectType":"User"},{"ObjectIdentifier":"S-1-5-21-530984104-2961290484-1763256125-1104","ObjectType":"User"}],"LocalNames":[],"Collected":true,"FailureReason":null}],"DCRegistryData":{"CertificateMappingMethods":{"Value":-1,"Collected":true,"FailureReason":null},"StrongCertificateBindingEnforcement":{"Value":-1,"Collected":true,"FailureReason":null}},"Status":null,"IsDC":true,"UnconstrainedDelegation":true,"DomainSID":"S-1-5-21-530984104-2961290484-1763256125","IsWebClientRunning":{"Result":false,"Collected":true,"FailureReason":null},"SmbInfo":{"Result":{"SigningEnabled":true},"Collected":true,"FailureReason":null},"NtlmSessions":null,"NTLMRegistryData":{"Result":{"RestrictSendingNtlmTraffic":null,"RestrictReceivingNtlmTraffic":null,"NtlmMinServerSec":536870912,"NtlmMinClientSec":536870912,"LmCompatibilityLevel":null,"UseMachineId":null,"RequireSecuritySignature":1,"EnableSecuritySignature":1,"ClientAllowedNTLMServers":null},"Collected":true,"FailureReason":null},"Aces":[{"PrincipalSID":"S-1-5-21-530984104-2961290484-1763256125-512","PrincipalType":"Group","RightName":"Owns","IsInherited":false,"InheritanceHash":""},{"PrincipalSID":"S-1-5-21-530984104-2961290484-1763256125-512","PrincipalType":"Group","RightName":"GenericAll","IsInherited":false,"InheritanceHash":""},{"PrincipalSID":"S-1-5-21-530984104-2961290484-1763256125-512","PrincipalType":"Group","RightName":"WriteAccountRestrictions","IsInherited":false,"InheritanceHash":""},{"PrincipalSID":"S-1-5-21-530984104-2961290484-1763256125-526","PrincipalType":"Group","RightName":"AddKeyCredentialLink","IsInherited":true,"InheritanceHash":"53D666F3EA593A79F58F73D7F20DE8C1E6E7F7DE"},{"PrincipalSID":"S-1-5-21-530984104-2961290484-1763256125-527","PrincipalType":"Group","RightName":"AddKeyCredentialLink","IsInherited":true,"InheritanceHash":"C1272C625809E91112A8FF6F879658EFCAD5AA3C"},{"PrincipalSID":"S-1-5-21-530984104-2961290484-1763256125-519","PrincipalType":"Group","RightName":"GenericAll","IsInherited":true,"InheritanceHash":"F51B8D892BB1C9D6C7408C8D6FAE0B170ECFB0D9"},{"PrincipalSID":"LUDUS.DOMAIN-S-1-5-32-544","PrincipalType":"Group","RightName":"WriteDacl","IsInherited":true,"InheritanceHash":"62C26D4FB3FF64505B03CDD35D648DFBC6C157CC"},{"PrincipalSID":"LUDUS.DOMAIN-S-1-5-32-544","PrincipalType":"Group","RightName":"WriteOwner","IsInherited":true,"InheritanceHash":"62C26D4FB3FF64505B03CDD35D648DFBC6C157CC"},{"PrincipalSID":"LUDUS.DOMAIN-S-1-5-32-544","PrincipalType":"Group","RightName":"GenericWrite","IsInherited":true,"InheritanceHash":"62C26D4FB3FF64505B03CDD35D648DFBC6C157CC"}],"ObjectIdentifier":"S-1-5-21-530984104-2961290484-1763256125-1001","IsDeleted":false,"IsACLProtected":false,"ContainedBy":{"ObjectIdentifier":"B1FF14A7-FA5F-41FD-B705-C2124AA1038D","ObjectType":"OU"}}],"meta":{"methods":15725567,"type":"computers","count":1,"version":6,"collectorversion":"2.6.5.0"}}