{"data":[{"Properties":{"domain":"LUDUS.DOMAIN","name":"LUDUS-CA@LUDUS.DOMAIN","distinguishedname":"CN=LUDUS-CA,CN=ENROLLMENT SERVICES,CN=PUBLIC KEY SERVICES,CN=SERVICES,CN=CONFIGURATION,DC=LUDUS,DC=DOMAIN","domainsid":"S-1-5-21-530984104-2961290484-1763256125","doesanyacegrantownerrights":false,"doesanyinheritedacegrantownerrights":false,"isaclprotected":false,"whencreated":1746966090,"flags":"SUPPORTS_NT_AUTHENTICATION, CA_SERVERTYPE_ADVANCED","caname":"ludus-CA","dnshostname":"admin-DC01-2022.ludus.domain","certthumbprint":"500465043390F9CFE5FBD3E5F058B74188C69328","certname":"500465043390F9CFE5FBD3E5F058B74188C69328","certchain":["500465043390F9CFE5FBD3E5F058B74188C69328"],"hasbasicconstraints":false,"basicconstraintpathlength":0,"unresolvedpublishedtemplates":[]},"HostingComputer":"S-1-5-21-530984104-2961290484-1763256125-1001","CARegistryData":null,"EnabledCertTemplates":[{"ObjectIdentifier":"7147321E-7603-4BE6-B1BB-4F798C213A0A","ObjectType":"CertTemplate"},{"ObjectIdentifier":"269FF8C8-4FD3-416E-8FB3-4FBE3E470085","ObjectType":"CertTemplate"},{"ObjectIdentifier":"88492CCB-6CA5-4CE4-910B-59512F13D192","ObjectType":"CertTemplate"},{"ObjectIdentifier":"E79B6DB6-3045-4336-A74F-90F6D0F103DA","ObjectType":"CertTemplate"},{"ObjectIdentifier":"5B7EDD22-6620-431B-A023-F38D3386A7D9","ObjectType":"CertTemplate"},{"ObjectIdentifier":"EC186952-433D-4D3E-8426-D43FF25129E6","ObjectType":"CertTemplate"},{"ObjectIdentifier":"A3F81451-144A-4323-A8FC-CD8BC7CC57A8","ObjectType":"CertTemplate"},{"ObjectIdentifier":"658A2178-8196-4AA5-8B49-F5CAAFE61A9F","ObjectType":"CertTemplate"},{"ObjectIdentifier":"7CF9852B-105B-47C7-9CA4-DB69CA1623DC","ObjectType":"CertTemplate"},{"ObjectIdentifier":"F2C1F088-3B2F-497A-B323-6B2A997AC5E7","ObjectType":"CertTemplate"},{"ObjectIdentifier":"C4DFAD64-601B-4949-B8E2-C9D7DEE13F63","ObjectType":"CertTemplate"},{"ObjectIdentifier":"6B57DA07-2519-408E-991F-A1A25C362251","ObjectType":"CertTemplate"},{"ObjectIdentifier":"C25BCE3B-4E28-4BF5-B4F3-07721981AE64","ObjectType":"CertTemplate"},{"ObjectIdentifier":"2DDD07E6-7A89-4C65-9CA3-A3EE17D13465","ObjectType":"CertTemplate"},{"ObjectIdentifier":"EFFC7C94-85B4-4AFA-A71C-1239C2ED6A37","ObjectType":"CertTemplate"},{"ObjectIdentifier":"653EC551-2F5D-4D89-86B1-37266C31818E","ObjectType":"CertTemplate"},{"ObjectIdentifier":"4122F238-F1E7-4D13-BDEA-89CA859D6FEC","ObjectType":"CertTemplate"},{"ObjectIdentifier":"9BFF8CCE-FB40-41AA-B8F5-0F4DEFBF9D7B","ObjectType":"CertTemplate"},{"ObjectIdentifier":"B5EE457D-683B-4E0C-896A-0D0D6BD6B225","ObjectType":"CertTemplate"}],"HttpEnrollmentEndpoints":[{"Result":null,"Collected":false,"FailureReason":"401 Unauthorized exception checking NTLM accessibility for URL: http://admin-dc01-2022.ludus.domain/certsrv/. Exception: 401 Unauthorized when accessing http://admin-dc01-2022.ludus.domain/certsrv/ with Negotiate and no signing"},{"Result":{"Url":"https://admin-DC01-2022.ludus.domain/certsrv/","Type":"WebEnrollmentApplication","Status":"NotVulnerable_PortInaccessible","ADCSWebEnrollmentHTTP":false,"ADCSWebEnrollmentHTTPS":false,"ADCSWebEnrollmentEPA":false},"Collected":true,"FailureReason":null},{"Result":null,"Collected":false,"FailureReason":"HttpRequestException occured checking NTLM accessibility for URL: http://admin-dc01-2022.ludus.domain/ludus-CA_CES_Kerberos/service.svc. Exception: Response status code does not indicate success: 404 (Not Found)."},{"Result":{"Url":"https://admin-DC01-2022.ludus.domain/ludus-CA_CES_Kerberos/service.svc","Type":"EnrollmentWebService","Status":"NotVulnerable_PortInaccessible","ADCSWebEnrollmentHTTP":false,"ADCSWebEnrollmentHTTPS":false,"ADCSWebEnrollmentEPA":false},"Collected":true,"FailureReason":null}],"Aces":[{"PrincipalSID":"S-1-5-21-530984104-2961290484-1763256125-519","PrincipalType":"Group","RightName":"Owns","IsInherited":false,"InheritanceHash":""},{"PrincipalSID":"S-1-5-21-530984104-2961290484-1763256125-519","PrincipalType":"Group","RightName":"WriteDacl","IsInherited":false,"InheritanceHash":""},{"PrincipalSID":"S-1-5-21-530984104-2961290484-1763256125-519","PrincipalType":"Group","RightName":"WriteOwner","IsInherited":false,"InheritanceHash":""},{"PrincipalSID":"S-1-5-21-530984104-2961290484-1763256125-519","PrincipalType":"Group","RightName":"GenericWrite","IsInherited":false,"InheritanceHash":""},{"PrincipalSID":"S-1-5-21-530984104-2961290484-1763256125-519","PrincipalType":"Group","RightName":"ManageCA","IsInherited":false,"InheritanceHash":""},{"PrincipalSID":"S-1-5-21-530984104-2961290484-1763256125-519","PrincipalType":"Group","RightName":"ManageCertificates","IsInherited":false,"InheritanceHash":""},{"PrincipalSID":"S-1-5-21-530984104-2961290484-1763256125-1001","PrincipalType":"Computer","RightName":"WriteDacl","IsInherited":false,"InheritanceHash":""},{"PrincipalSID":"S-1-5-21-530984104-2961290484-1763256125-1001","PrincipalType":"Computer","RightName":"WriteOwner","IsInherited":false,"InheritanceHash":""},{"PrincipalSID":"S-1-5-21-530984104-2961290484-1763256125-1001","PrincipalType":"Computer","RightName":"GenericWrite","IsInherited":false,"InheritanceHash":""},{"PrincipalSID":"S-1-5-21-530984104-2961290484-1763256125-1001","PrincipalType":"Computer","RightName":"ManageCA","IsInherited":false,"InheritanceHash":""},{"PrincipalSID":"S-1-5-21-530984104-2961290484-1763256125-1001","PrincipalType":"Computer","RightName":"ManageCertificates","IsInherited":false,"InheritanceHash":""},{"PrincipalSID":"LUDUS.DOMAIN-S-1-5-11","PrincipalType":"Group","RightName":"Enroll","IsInherited":false,"InheritanceHash":""},{"PrincipalSID":"S-1-5-21-530984104-2961290484-1763256125-519","PrincipalType":"Group","RightName":"GenericAll","IsInherited":true,"InheritanceHash":"F51B8D892BB1C9D6C7408C8D6FAE0B170ECFB0D9"},{"PrincipalSID":"S-1-5-21-530984104-2961290484-1763256125-512","PrincipalType":"Group","RightName":"WriteDacl","IsInherited":true,"InheritanceHash":"D731D95BC74AC169C6AACE4AA23435F5E94614A3"},{"PrincipalSID":"S-1-5-21-530984104-2961290484-1763256125-512","PrincipalType":"Group","RightName":"WriteOwner","IsInherited":true,"InheritanceHash":"D731D95BC74AC169C6AACE4AA23435F5E94614A3"},{"PrincipalSID":"S-1-5-21-530984104-2961290484-1763256125-512","PrincipalType":"Group","RightName":"GenericWrite","IsInherited":true,"InheritanceHash":"D731D95BC74AC169C6AACE4AA23435F5E94614A3"},{"PrincipalSID":"S-1-5-21-530984104-2961290484-1763256125-512","PrincipalType":"Group","RightName":"ManageCA","IsInherited":true,"InheritanceHash":"D731D95BC74AC169C6AACE4AA23435F5E94614A3"}],"ObjectIdentifier":"42A3B8EA-4D7B-4B91-8EC2-1FCEBEE059D4","IsDeleted":false,"IsACLProtected":false,"ContainedBy":{"ObjectIdentifier":"7B340B02-D358-4C32-B9AB-E4A6A998CDDE","ObjectType":"Container"}}],"meta":{"methods":262885,"type":"enterprisecas","count":1,"version":6,"collectorversion":"2.6.5.0"}}