{"data":[{"Properties":{"domain":"LUDUS.DOMAIN","name":"NTAUTHCERTIFICATES@LUDUS.DOMAIN","distinguishedname":"CN=NTAUTHCERTIFICATES,CN=PUBLIC KEY SERVICES,CN=SERVICES,CN=CONFIGURATION,DC=LUDUS,DC=DOMAIN","domainsid":"S-1-5-21-530984104-2961290484-1763256125","doesanyacegrantownerrights":false,"doesanyinheritedacegrantownerrights":false,"isaclprotected":false,"certthumbprints":["500465043390F9CFE5FBD3E5F058B74188C69328"],"whencreated":1746966090},"DomainSID":"S-1-5-21-530984104-2961290484-1763256125","Aces":[{"PrincipalSID":"S-1-5-21-530984104-2961290484-1763256125-519","PrincipalType":"Group","RightName":"Owns","IsInherited":false,"InheritanceHash":""},{"PrincipalSID":"LUDUS.DOMAIN-S-1-5-32-544","PrincipalType":"Group","RightName":"GenericAll","IsInherited":false,"InheritanceHash":""},{"PrincipalSID":"S-1-5-21-530984104-2961290484-1763256125-512","PrincipalType":"Group","RightName":"GenericAll","IsInherited":false,"InheritanceHash":""},{"PrincipalSID":"S-1-5-21-530984104-2961290484-1763256125-519","PrincipalType":"Group","RightName":"GenericAll","IsInherited":false,"InheritanceHash":""},{"PrincipalSID":"S-1-5-21-530984104-2961290484-1763256125-519","PrincipalType":"Group","RightName":"GenericAll","IsInherited":true,"InheritanceHash":"F51B8D892BB1C9D6C7408C8D6FAE0B170ECFB0D9"},{"PrincipalSID":"S-1-5-21-530984104-2961290484-1763256125-512","PrincipalType":"Group","RightName":"WriteDacl","IsInherited":true,"InheritanceHash":"D731D95BC74AC169C6AACE4AA23435F5E94614A3"},{"PrincipalSID":"S-1-5-21-530984104-2961290484-1763256125-512","PrincipalType":"Group","RightName":"WriteOwner","IsInherited":true,"InheritanceHash":"D731D95BC74AC169C6AACE4AA23435F5E94614A3"},{"PrincipalSID":"S-1-5-21-530984104-2961290484-1763256125-512","PrincipalType":"Group","RightName":"GenericWrite","IsInherited":true,"InheritanceHash":"D731D95BC74AC169C6AACE4AA23435F5E94614A3"}],"ObjectIdentifier":"B9DD7E4C-C44E-4DE1-947D-8FAC704E4C36","IsDeleted":false,"IsACLProtected":false,"ContainedBy":{"ObjectIdentifier":"32B0CA2C-A5C3-4AF9-9BF4-B5A050B57ED5","ObjectType":"Container"}}],"meta":{"methods":262885,"type":"ntauthstores","count":1,"version":6,"collectorversion":"2.6.5.0"}}