{"data":[{"Properties":{"domain":"LUDUS.DOMAIN","name":"MEDIUM ASSURANCE@LUDUS.DOMAIN","distinguishedname":"CN=401.3D174915B2D5DCFA62F5F03FF4CD7D32,CN=OID,CN=PUBLIC KEY SERVICES,CN=SERVICES,CN=CONFIGURATION,DC=LUDUS,DC=DOMAIN","domainsid":"S-1-5-21-530984104-2961290484-1763256125","doesanyacegrantownerrights":false,"doesanyinheritedacegrantownerrights":false,"isaclprotected":false,"whencreated":1746966091,"displayname":"Medium Assurance","certtemplateoid":"1.3.6.1.4.1.311.21.8.2078661.12464024.11226033.1693607.13621494.34.1.401"},"GroupLink":{"ObjectIdentifier":null,"ObjectType":"Base"},"Aces":[{"PrincipalSID":"S-1-5-21-530984104-2961290484-1763256125-519","PrincipalType":"Group","RightName":"Owns","IsInherited":false,"InheritanceHash":""},{"PrincipalSID":"S-1-5-21-530984104-2961290484-1763256125-512","PrincipalType":"Group","RightName":"GenericAll","IsInherited":false,"InheritanceHash":""},{"PrincipalSID":"S-1-5-21-530984104-2961290484-1763256125-519","PrincipalType":"Group","RightName":"GenericAll","IsInherited":true,"InheritanceHash":"F51B8D892BB1C9D6C7408C8D6FAE0B170ECFB0D9"},{"PrincipalSID":"S-1-5-21-530984104-2961290484-1763256125-512","PrincipalType":"Group","RightName":"WriteDacl","IsInherited":true,"InheritanceHash":"D731D95BC74AC169C6AACE4AA23435F5E94614A3"},{"PrincipalSID":"S-1-5-21-530984104-2961290484-1763256125-512","PrincipalType":"Group","RightName":"WriteOwner","IsInherited":true,"InheritanceHash":"D731D95BC74AC169C6AACE4AA23435F5E94614A3"},{"PrincipalSID":"S-1-5-21-530984104-2961290484-1763256125-512","PrincipalType":"Group","RightName":"GenericWrite","IsInherited":true,"InheritanceHash":"D731D95BC74AC169C6AACE4AA23435F5E94614A3"}],"ObjectIdentifier":"499EBCA0-F14B-4731-BF95-0542E6EC224D","IsDeleted":false,"IsACLProtected":false,"ContainedBy":{"ObjectIdentifier":"BEC5B71F-982F-4BAB-B119-D7A7CFD8F622","ObjectType":"Base"}},{"Properties":{"domain":"LUDUS.DOMAIN","name":"HIGH ASSURANCE@LUDUS.DOMAIN","distinguishedname":"CN=402.74C757669AC5E7321CFE0BC81F36B68C,CN=OID,CN=PUBLIC KEY SERVICES,CN=SERVICES,CN=CONFIGURATION,DC=LUDUS,DC=DOMAIN","domainsid":"S-1-5-21-530984104-2961290484-1763256125","doesanyacegrantownerrights":false,"doesanyinheritedacegrantownerrights":false,"isaclprotected":false,"whencreated":1746966091,"displayname":"High Assurance","certtemplateoid":"1.3.6.1.4.1.311.21.8.2078661.12464024.11226033.1693607.13621494.34.1.402"},"GroupLink":{"ObjectIdentifier":null,"ObjectType":"Base"},"Aces":[{"PrincipalSID":"S-1-5-21-530984104-2961290484-1763256125-519","PrincipalType":"Group","RightName":"Owns","IsInherited":false,"InheritanceHash":""},{"PrincipalSID":"S-1-5-21-530984104-2961290484-1763256125-512","PrincipalType":"Group","RightName":"GenericAll","IsInherited":false,"InheritanceHash":""},{"PrincipalSID":"S-1-5-21-530984104-2961290484-1763256125-519","PrincipalType":"Group","RightName":"GenericAll","IsInherited":true,"InheritanceHash":"F51B8D892BB1C9D6C7408C8D6FAE0B170ECFB0D9"},{"PrincipalSID":"S-1-5-21-530984104-2961290484-1763256125-512","PrincipalType":"Group","RightName":"WriteDacl","IsInherited":true,"InheritanceHash":"D731D95BC74AC169C6AACE4AA23435F5E94614A3"},{"PrincipalSID":"S-1-5-21-530984104-2961290484-1763256125-512","PrincipalType":"Group","RightName":"WriteOwner","IsInherited":true,"InheritanceHash":"D731D95BC74AC169C6AACE4AA23435F5E94614A3"},{"PrincipalSID":"S-1-5-21-530984104-2961290484-1763256125-512","PrincipalType":"Group","RightName":"GenericWrite","IsInherited":true,"InheritanceHash":"D731D95BC74AC169C6AACE4AA23435F5E94614A3"}],"ObjectIdentifier":"64B0BCBD-B146-42B1-904D-5078DF579F65","IsDeleted":false,"IsACLProtected":false,"ContainedBy":{"ObjectIdentifier":"BEC5B71F-982F-4BAB-B119-D7A7CFD8F622","ObjectType":"Base"}},{"Properties":{"domain":"LUDUS.DOMAIN","name":"LOW ASSURANCE@LUDUS.DOMAIN","distinguishedname":"CN=400.CBD130ECE7917BE1FE01419CB7332E62,CN=OID,CN=PUBLIC KEY SERVICES,CN=SERVICES,CN=CONFIGURATION,DC=LUDUS,DC=DOMAIN","domainsid":"S-1-5-21-530984104-2961290484-1763256125","doesanyacegrantownerrights":false,"doesanyinheritedacegrantownerrights":false,"isaclprotected":false,"whencreated":1746966091,"displayname":"Low Assurance","certtemplateoid":"1.3.6.1.4.1.311.21.8.2078661.12464024.11226033.1693607.13621494.34.1.400"},"GroupLink":{"ObjectIdentifier":null,"ObjectType":"Base"},"Aces":[{"PrincipalSID":"S-1-5-21-530984104-2961290484-1763256125-519","PrincipalType":"Group","RightName":"Owns","IsInherited":false,"InheritanceHash":""},{"PrincipalSID":"S-1-5-21-530984104-2961290484-1763256125-512","PrincipalType":"Group","RightName":"GenericAll","IsInherited":false,"InheritanceHash":""},{"PrincipalSID":"S-1-5-21-530984104-2961290484-1763256125-519","PrincipalType":"Group","RightName":"GenericAll","IsInherited":true,"InheritanceHash":"F51B8D892BB1C9D6C7408C8D6FAE0B170ECFB0D9"},{"PrincipalSID":"S-1-5-21-530984104-2961290484-1763256125-512","PrincipalType":"Group","RightName":"WriteDacl","IsInherited":true,"InheritanceHash":"D731D95BC74AC169C6AACE4AA23435F5E94614A3"},{"PrincipalSID":"S-1-5-21-530984104-2961290484-1763256125-512","PrincipalType":"Group","RightName":"WriteOwner","IsInherited":true,"InheritanceHash":"D731D95BC74AC169C6AACE4AA23435F5E94614A3"},{"PrincipalSID":"S-1-5-21-530984104-2961290484-1763256125-512","PrincipalType":"Group","RightName":"GenericWrite","IsInherited":true,"InheritanceHash":"D731D95BC74AC169C6AACE4AA23435F5E94614A3"}],"ObjectIdentifier":"39C378F2-E8A7-4860-9FE0-9DDDFBCD18B9","IsDeleted":false,"IsACLProtected":false,"ContainedBy":{"ObjectIdentifier":"BEC5B71F-982F-4BAB-B119-D7A7CFD8F622","ObjectType":"Base"}},{"Properties":{"domain":"LUDUS.DOMAIN","name":"ISSUANCEPOLICYESC13@LUDUS.DOMAIN","distinguishedname":"CN=21989198.17DEDCE170A62B981FD7CEA9B5E8F6A5,CN=OID,CN=PUBLIC KEY SERVICES,CN=SERVICES,CN=CONFIGURATION,DC=LUDUS,DC=DOMAIN","domainsid":"S-1-5-21-530984104-2961290484-1763256125","doesanyacegrantownerrights":false,"doesanyinheritedacegrantownerrights":false,"isaclprotected":false,"whencreated":1746966235,"displayname":"IssuancePolicyESC13","certtemplateoid":"1.3.6.1.4.1.311.21.8.2078661.12464024.11226033.1693607.13621494.34.81948078.21989198"},"GroupLink":{"ObjectIdentifier":null,"ObjectType":"Base"},"Aces":[{"PrincipalSID":"S-1-5-21-530984104-2961290484-1763256125-519","PrincipalType":"Group","RightName":"Owns","IsInherited":false,"InheritanceHash":""},{"PrincipalSID":"S-1-5-21-530984104-2961290484-1763256125-512","PrincipalType":"Group","RightName":"GenericAll","IsInherited":false,"InheritanceHash":""},{"PrincipalSID":"S-1-5-21-530984104-2961290484-1763256125-519","PrincipalType":"Group","RightName":"GenericAll","IsInherited":true,"InheritanceHash":"F51B8D892BB1C9D6C7408C8D6FAE0B170ECFB0D9"},{"PrincipalSID":"S-1-5-21-530984104-2961290484-1763256125-512","PrincipalType":"Group","RightName":"WriteDacl","IsInherited":true,"InheritanceHash":"D731D95BC74AC169C6AACE4AA23435F5E94614A3"},{"PrincipalSID":"S-1-5-21-530984104-2961290484-1763256125-512","PrincipalType":"Group","RightName":"WriteOwner","IsInherited":true,"InheritanceHash":"D731D95BC74AC169C6AACE4AA23435F5E94614A3"},{"PrincipalSID":"S-1-5-21-530984104-2961290484-1763256125-512","PrincipalType":"Group","RightName":"GenericWrite","IsInherited":true,"InheritanceHash":"D731D95BC74AC169C6AACE4AA23435F5E94614A3"}],"ObjectIdentifier":"01777B81-1741-4E5B-BCDC-31F7D21422FC","IsDeleted":false,"IsACLProtected":false,"ContainedBy":{"ObjectIdentifier":"BEC5B71F-982F-4BAB-B119-D7A7CFD8F622","ObjectType":"Base"}}],"meta":{"methods":262885,"type":"issuancepolicies","count":4,"version":6,"collectorversion":"2.6.5.0"}}